/*
SQLyog Ultimate v10.00 Beta1
MySQL - 5.5.5-10.1.13-MariaDB : Database - profilexchange
*********************************************************************
*/

/*!40101 SET NAMES utf8 */;

/*!40101 SET SQL_MODE=''*/;

/*!40014 SET @OLD_UNIQUE_CHECKS=@@UNIQUE_CHECKS, UNIQUE_CHECKS=0 */;
/*!40014 SET @OLD_FOREIGN_KEY_CHECKS=@@FOREIGN_KEY_CHECKS, FOREIGN_KEY_CHECKS=0 */;
/*!40101 SET @OLD_SQL_MODE=@@SQL_MODE, SQL_MODE='NO_AUTO_VALUE_ON_ZERO' */;
/*!40111 SET @OLD_SQL_NOTES=@@SQL_NOTES, SQL_NOTES=0 */;
CREATE DATABASE /*!32312 IF NOT EXISTS*/`profilexchange` /*!40100 DEFAULT CHARACTER SET latin1 */;

USE `profilexchange`;

/*Table structure for table `agency` */

DROP TABLE IF EXISTS `agency`;

CREATE TABLE `agency` (
  `id` int(11) NOT NULL AUTO_INCREMENT,
  `userid` int(11) DEFAULT NULL,
  `name` varchar(32) DEFAULT NULL,
  `address` text,
  `phone` varchar(11) DEFAULT NULL,
  `country` varchar(15) DEFAULT NULL,
  `contact_person` varchar(32) DEFAULT NULL,
  `contact_person_no` varchar(11) DEFAULT NULL,
  `contact_person_email` varchar(32) DEFAULT NULL,
  `interview` varchar(12) DEFAULT NULL,
  `bus_reg_no` varchar(11) DEFAULT NULL,
  `url` text,
  `bank_account_no` varchar(30) DEFAULT NULL,
  `bank_account_name` varbinary(32) DEFAULT NULL,
  `no_listing_allowed` int(11) DEFAULT NULL,
  `status` varchar(15) DEFAULT NULL,
  PRIMARY KEY (`id`)
) ENGINE=InnoDB AUTO_INCREMENT=12 DEFAULT CHARSET=latin1;

/*Data for the table `agency` */

insert  into `agency`(`id`,`userid`,`name`,`address`,`phone`,`country`,`contact_person`,`contact_person_no`,`contact_person_email`,`interview`,`bus_reg_no`,`url`,`bank_account_no`,`bank_account_name`,`no_listing_allowed`,`status`) values (1,1,'Agency Name','Agency Address','Agency Phon','PH','Contact Person','Contact Per','dasdas@sadsa.com',' Interview P','Agency Busi','Agency URL','Bank Account No. ','Bank Account Name ',0,'active'),(2,2,'Agency Name','Agency Address','Agency Phon','US','Contact Person','Contact Per','dasdas@sadsa.com',' Interview P','Agency Busi','Agency URL','Bank Account No. ','Bank Account Name ',0,'active'),(3,3,'Agency Name','Agency Address','Agency Phon','PH','Contact Person','Contact Per','dasdas@sadsa.com',' Interview P','Agency Busi','Agency URL','Bank Account No. ','Bank Account Name ',0,'active'),(4,4,'Agency Name','Agency Address','Agency Phon','US','Contact Person','Contact Per','dasdas@sadsa.com',' Interview P','Agency Busi','Agency URL','Bank Account No. ','Bank Account Name ',0,'active'),(7,7,'Aeonflux Agency','04c Kampupot St. Puwang Wawa, Taguig City','0912212121','PH','Jan Christian','09468965897','christianaristain@gmail.com','15872585','5458774','http://localhost/addy/index.php/admin/agency/new_agency','55555555','bane name',12,'active'),(8,8,'ITCITI','04c Kampupot St. Puwang Wawa, Taguig City','0912212121','PH','Jan Christian','09468965897','christianaristain@gmail.com','15872585','5458774','http://localhost/addy/index.php/admin/agency/new_agency','55555555','bane name',12,'active'),(9,9,'12','Recruiter Addressdsa','0912212121','BS','a1','432432','christianaristain@gmail.com','sfsdf','5458774','http://localhost/addy/index.php/admin/agency/new_agency','55555555','bane name',12,'active'),(10,10,'12','Recruiter Addressdsa','0912212121','BS','a1','432432','christianaristain@gmail.com','sfsdf','5458774','http://localhost/addy/index.php/admin/agency/new_agency','55555555','bane name',12,'active'),(11,11,'12','Recruiter Addressdsa','0912212121','BS','a1','432432','christianaristain@gmail.com','sfsdf','5458774','http://localhost/addy/index.php/admin/agency/new_agency','55555555','bane name',12,'active');

/*Table structure for table `agency_settings` */

DROP TABLE IF EXISTS `agency_settings`;

CREATE TABLE `agency_settings` (
  `id` int(11) NOT NULL AUTO_INCREMENT,
  `agency_id` int(11) DEFAULT NULL,
  `serial_no` text,
  `logo` varbinary(32) DEFAULT 'your-logo-here.gif',
  `news` text,
  `banner` varbinary(32) DEFAULT 'banner-sample.jpg',
  `about_us` text,
  PRIMARY KEY (`id`)
) ENGINE=InnoDB AUTO_INCREMENT=5 DEFAULT CHARSET=latin1;

/*Data for the table `agency_settings` */

insert  into `agency_settings`(`id`,`agency_id`,`serial_no`,`logo`,`news`,`banner`,`about_us`) values (1,7,'F255-9215-009455','hiro_color.png','Where does it come from?\r\n\r\nContrary to popular belief, Lorem Ipsum is not simply random text. It has roots in a piece of classical Latin literature from 45 BC, making it over 2000 years old. Richard McClintock, a Latin professor at Hampden-Sydney College in Virginia, looked up one of the more obscure Latin words, consectetur, from a Lorem Ipsum passage, and going through the cites of the word in classical literature, discovered the undoubtable source. Lorem Ipsum comes from sections 1.10.32 and 1.10.33 of \"de Finibus Bonorum et Malorum\" (The Extremes of Good and Evil) by Cicero, written in 45 BC. This book is a treatise on the theory of ethics, very popular during the Renaissance. The first line of Lorem Ipsum, \"Lorem ipsum dolor sit amet..\", comes from a line in section 1.10.32.','banner-sample.jpg','<a href=\"#\">test</a>\r\n\r\nAbout Us\r\n \r\nLorem Ipsum is simply dummy text of the printing and typesetting industry.\r\n\r\nLorem Ipsum has been the industry\'s standard dummy text ever since the 1500s, when an unknown printer took a galley of type and scrambled it to make a type specimen book. \r\n\r\nIt has survived not only five centuries, but also the leap into electronic typesetting, remaining essentially unchanged. \r\n\r\nIt was popularised in the 1960s with the release of Letraset sheets containing Lorem Ipsum passages, and more recently with desktop publishing software like Aldus PageMaker including versions of Lorem Ipsum.'),(2,10,NULL,'your-logo-here.gif',NULL,'banner-sample.jpg',NULL),(3,11,NULL,'your-logo-here.gif',NULL,'banner-sample.jpg',NULL),(4,8,'22222','your-logo-here.gif',NULL,'banner-sample.jpg',NULL);

/*Table structure for table `country` */

DROP TABLE IF EXISTS `country`;

CREATE TABLE `country` (
  `id` int(11) NOT NULL AUTO_INCREMENT,
  `code` varchar(5) DEFAULT NULL,
  `name` varchar(30) DEFAULT NULL,
  PRIMARY KEY (`id`)
) ENGINE=InnoDB AUTO_INCREMENT=245 DEFAULT CHARSET=latin1;

/*Data for the table `country` */

insert  into `country`(`id`,`code`,`name`) values (1,'AF','Afghanistan'),(2,'AX','Åland Islands'),(3,'AL','Albania'),(4,'DZ','Algeria'),(5,'AS','American Samoa'),(6,'AD','Andorra'),(7,'AO','Angola'),(8,'AI','Anguilla'),(9,'AQ','Antarctica'),(10,'AG','Antigua and Barbuda'),(11,'AR','Argentina'),(12,'AM','Armenia'),(13,'AW','Aruba'),(14,'AU','Australia'),(15,'AT','Austria'),(16,'AZ','Azerbaijan'),(17,'BS','Bahamas'),(18,'BH','Bahrain'),(19,'BD','Bangladesh'),(20,'BB','Barbados'),(21,'BY','Belarus'),(22,'BE','Belgium'),(23,'BZ','Belize'),(24,'BJ','Benin'),(25,'BM','Bermuda'),(26,'BT','Bhutan'),(27,'BO','Bolivia'),(28,'BA','Bosnia and Herzegovina'),(29,'BW','Botswana'),(30,'BV','Bouvet Island'),(31,'BR','Brazil'),(32,'IO','British Indian Ocean Territory'),(33,'BN','Brunei Darussalam'),(34,'BG','Bulgaria'),(35,'BF','Burkina Faso'),(36,'BI','Burundi'),(37,'KH','Cambodia'),(38,'CM','Cameroon'),(39,'CA','Canada'),(40,'CV','Cape Verde'),(41,'KY','Cayman Islands'),(42,'CF','Central African Republic'),(43,'TD','Chad'),(44,'CL','Chile'),(45,'CN','China'),(46,'CX','Christmas Island'),(47,'CC','Cocos (Keeling) Islands'),(48,'CO','Colombia'),(49,'KM','Comoros'),(50,'CG','Congo'),(51,'CD','Congo, The Democratic Republic'),(52,'CK','Cook Islands'),(53,'CR','Costa Rica'),(54,'CI','Cote D\'ivoire'),(55,'HR','Croatia'),(56,'CU','Cuba'),(57,'CY','Cyprus'),(58,'CZ','Czech Republic'),(59,'DK','Denmark'),(60,'DJ','Djibouti'),(61,'DM','Dominica'),(62,'DO','Dominican Republic'),(63,'EC','Ecuador'),(64,'EG','Egypt'),(65,'SV','El Salvador'),(66,'GQ','Equatorial Guinea'),(67,'ER','Eritrea'),(68,'EE','Estonia'),(69,'ET','Ethiopia'),(70,'FK','Falkland Islands (Malvinas)'),(71,'FO','Faroe Islands'),(72,'FJ','Fiji'),(73,'FI','Finland'),(74,'FR','France'),(75,'GF','French Guiana'),(76,'PF','French Polynesia'),(77,'TF','French Southern Territories'),(78,'GA','Gabon'),(79,'GM','Gambia'),(80,'GE','Georgia'),(81,'DE','Germany'),(82,'GH','Ghana'),(83,'GI','Gibraltar'),(84,'GR','Greece'),(85,'GL','Greenland'),(86,'GD','Grenada'),(87,'GP','Guadeloupe'),(88,'GU','Guam'),(89,'GT','Guatemala'),(90,'GG','Guernsey'),(91,'GN','Guinea'),(92,'GW','Guinea-bissau'),(93,'GY','Guyana'),(94,'HT','Haiti'),(95,'HM','Heard Island and Mcdonald Isla'),(96,'VA','Holy See (Vatican City State)'),(97,'HN','Honduras'),(98,'HK','Hong Kong'),(99,'HU','Hungary'),(100,'IS','Iceland'),(101,'IN','India'),(102,'ID','Indonesia'),(103,'IR','Iran, Islamic Republic of'),(104,'IQ','Iraq'),(105,'IE','Ireland'),(106,'IM','Isle of Man'),(107,'IL','Israel'),(108,'IT','Italy'),(109,'JM','Jamaica'),(110,'JP','Japan'),(111,'JE','Jersey'),(112,'JO','Jordan'),(113,'KZ','Kazakhstan'),(114,'KE','Kenya'),(115,'KI','Kiribati'),(116,'KP','Korea, Democratic People\'s Rep'),(117,'KR','Korea, Republic of'),(118,'KW','Kuwait'),(119,'KG','Kyrgyzstan'),(120,'LA','Lao People\'s Democratic Republ'),(121,'LV','Latvia'),(122,'LB','Lebanon'),(123,'LS','Lesotho'),(124,'LR','Liberia'),(125,'LY','Libyan Arab Jamahiriya'),(126,'LI','Liechtenstein'),(127,'LT','Lithuania'),(128,'LU','Luxembourg'),(129,'MO','Macao'),(130,'MK','Macedonia, The Former Yugoslav'),(131,'MG','Madagascar'),(132,'MW','Malawi'),(133,'MY','Malaysia'),(134,'MV','Maldives'),(135,'ML','Mali'),(136,'MT','Malta'),(137,'MH','Marshall Islands'),(138,'MQ','Martinique'),(139,'MR','Mauritania'),(140,'MU','Mauritius'),(141,'YT','Mayotte'),(142,'MX','Mexico'),(143,'FM','Micronesia, Federated States o'),(144,'MD','Moldova, Republic of'),(145,'MC','Monaco'),(146,'MN','Mongolia'),(147,'ME','Montenegro'),(148,'MS','Montserrat'),(149,'MA','Morocco'),(150,'MZ','Mozambique'),(151,'MM','Myanmar'),(152,'NA','Namibia'),(153,'NR','Nauru'),(154,'NP','Nepal'),(155,'NL','Netherlands'),(156,'AN','Netherlands Antilles'),(157,'NC','New Caledonia'),(158,'NZ','New Zealand'),(159,'NI','Nicaragua'),(160,'NE','Niger'),(161,'NG','Nigeria'),(162,'NU','Niue'),(163,'NF','Norfolk Island'),(164,'MP','Northern Mariana Islands'),(165,'NO','Norway'),(166,'OM','Oman'),(167,'PK','Pakistan'),(168,'PW','Palau'),(169,'PS','Palestinian Territory, Occupie'),(170,'PA','Panama'),(171,'PG','Papua New Guinea'),(172,'PY','Paraguay'),(173,'PE','Peru'),(174,'PH','Philippines'),(175,'PN','Pitcairn'),(176,'PL','Poland'),(177,'PT','Portugal'),(178,'PR','Puerto Rico'),(179,'QA','Qatar'),(180,'RE','Reunion'),(181,'RO','Romania'),(182,'RU','Russian Federation'),(183,'RW','Rwanda'),(184,'SH','Saint Helena'),(185,'KN','Saint Kitts and Nevis'),(186,'LC','Saint Lucia'),(187,'PM','Saint Pierre and Miquelon'),(188,'VC','Saint Vincent and The Grenadin'),(189,'WS','Samoa'),(190,'SM','San Marino'),(191,'ST','Sao Tome and Principe'),(192,'SA','Saudi Arabia'),(193,'SN','Senegal'),(194,'RS','Serbia'),(195,'SC','Seychelles'),(196,'SL','Sierra Leone'),(197,'SG','Singapore'),(198,'SK','Slovakia'),(199,'SI','Slovenia'),(200,'SB','Solomon Islands'),(201,'SO','Somalia'),(202,'ZA','South Africa'),(203,'GS','South Georgia and The South Sa'),(204,'ES','Spain'),(205,'LK','Sri Lanka'),(206,'SD','Sudan'),(207,'SR','Suriname'),(208,'SJ','Svalbard and Jan Mayen'),(209,'SZ','Swaziland'),(210,'SE','Sweden'),(211,'CH','Switzerland'),(212,'SY','Syrian Arab Republic'),(213,'TW','Taiwan, Province of China'),(214,'TJ','Tajikistan'),(215,'TZ','Tanzania, United Republic of'),(216,'TH','Thailand'),(217,'TL','Timor-leste'),(218,'TG','Togo'),(219,'TK','Tokelau'),(220,'TO','Tonga'),(221,'TT','Trinidad and Tobago'),(222,'TN','Tunisia'),(223,'TR','Turkey'),(224,'TM','Turkmenistan'),(225,'TC','Turks and Caicos Islands'),(226,'TV','Tuvalu'),(227,'UG','Uganda'),(228,'UA','Ukraine'),(229,'AE','United Arab Emirates'),(230,'GB','United Kingdom'),(231,'US','United States'),(232,'UM','United States Minor Outlying I'),(233,'UY','Uruguay'),(234,'UZ','Uzbekistan'),(235,'VU','Vanuatu'),(236,'VE','Venezuela'),(237,'VN','Viet Nam'),(238,'VG','Virgin Islands, British'),(239,'VI','Virgin Islands, U.S.'),(240,'WF','Wallis and Futuna'),(241,'EH','Western Sahara'),(242,'YE','Yemen'),(243,'ZM','Zambia'),(244,'ZW','Zimbabwe');

/*Table structure for table `faqs` */

DROP TABLE IF EXISTS `faqs`;

CREATE TABLE `faqs` (
  `id` int(11) NOT NULL AUTO_INCREMENT,
  `agency_id` int(11) DEFAULT NULL,
  `faqs` text,
  PRIMARY KEY (`id`)
) ENGINE=InnoDB AUTO_INCREMENT=4 DEFAULT CHARSET=latin1;

/*Data for the table `faqs` */

insert  into `faqs`(`id`,`agency_id`,`faqs`) values (1,7,'\r\nLorem Ipsum is simply dummy text of the printing and typesetting industry.\r\n\r\nLorem Ipsum has been the industry\'s standard dummy text ever since the 1500s, when an unknown printer took a galley of type and scrambled it to make a type specimen book. \r\n\r\nIt has survived not only five centuries, but also the leap into electronic typesetting, remaining essentially unchanged. \r\n\r\nIt was popularised in the 1960s with the release of Letraset sheets containing Lorem Ipsum passages, and more recently with desktop publishing software like Aldus PageMaker including versions of Lorem Ipsum.'),(2,10,' '),(3,11,' ');

/*Table structure for table `news` */

DROP TABLE IF EXISTS `news`;

CREATE TABLE `news` (
  `id` int(11) NOT NULL AUTO_INCREMENT,
  `news` text,
  PRIMARY KEY (`id`)
) ENGINE=InnoDB AUTO_INCREMENT=2 DEFAULT CHARSET=latin1;

/*Data for the table `news` */

insert  into `news`(`id`,`news`) values (1,'<div style=\"border:1px solid #990000;padding-left:20px;margin:0 0 10px 0;\">\r\n\r\n<h4>A PHP Error was encountered</h4>\r\n\r\n<p>Severity: Notice</p>\r\n<p>Message:  Undefined variable: news</p>\r\n<p>Filename: admin/news.php</p>\r\n<p>Line Number: 4</p>\r\n\r\n\r\n	<p>Backtrace:</p>\r\n	\r\n		\r\n	\r\n		\r\n	\r\n		\r\n			<p style=\"margin-left:10px\">\r\n			File: C:\\xampp\\htdocs\\addy\\application\\views\\admin\\news.php<br />\r\n			Line: 4<br />\r\n			Function: _error_handler			</p>\r\n\r\n		\r\n	\r\n		\r\n	\r\n		\r\n	\r\n		\r\n			<p style=\"margin-left:10px\">\r\n			File: C:\\xampp\\htdocs\\addy\\application\\controllers\\admin\\agency.php<br />\r\n			Line: 338<br />\r\n			Function: view			</p>\r\n\r\n		\r\n	\r\n		\r\n	\r\n		\r\n	\r\n		\r\n			<p style=\"margin-left:10px\">\r\n			File: C:\\xampp\\htdocs\\addy\\index.php<br />\r\n			Line: 315<br />\r\n			Function: require_once			</p>\r\n\r\n		\r\n	\r\n\r\n</div>\r\n<div style=\"border:1px solid #990000;padding-left:20px;margin:0 0 10px 0;\">\r\n\r\n<h4>A PHP Error was encountered</h4>\r\n\r\n<p>Severity: Notice</p>\r\n<p>Message:  Trying to get property of non-object</p>\r\n<p>Filename: admin/news.php</p>\r\n<p>Line Number: 4</p>\r\n\r\n\r\n	<p>Backtrace:</p>\r\n	\r\n		\r\n	\r\n		\r\n	\r\n		\r\n			<p style=\"margin-left:10px\">\r\n			File: C:\\xampp\\htdocs\\addy\\application\\views\\admin\\news.php<br />\r\n			Line: 4<br />\r\n			Function: _error_handler			</p>\r\n\r\n		\r\n	\r\n		\r\n	\r\n		\r\n	\r\n		\r\n			<p style=\"margin-left:10px\">\r\n			File: C:\\xampp\\htdocs\\addy\\application\\controllers\\admin\\agency.php<br />\r\n			Line: 338<br />\r\n			Function: view			</p>\r\n\r\n		\r\n	\r\n		\r\n	\r\n		\r\n	\r\n		\r\n			<p style=\"margin-left:10px\">\r\n			File: C:\\xampp\\htdocs\\addy\\index.php<br />\r\n			Line: 315<br />\r\n			Function: require_once			</p>\r\n\r\n		\r\n	\r\n\r\n</div>');

/*Table structure for table `profile_area_of_work` */

DROP TABLE IF EXISTS `profile_area_of_work`;

CREATE TABLE `profile_area_of_work` (
  `id` int(10) unsigned NOT NULL AUTO_INCREMENT,
  `profile_id` int(11) DEFAULT NULL,
  `care_of_infants_0to2` tinyint(4) DEFAULT '0',
  `care_of_infants_3to5` tinyint(4) DEFAULT '0',
  `care_of_infants_6to8` tinyint(4) DEFAULT '0',
  `care_of_infants_9to11` tinyint(4) DEFAULT '0',
  `care_of_infants_12to14` tinyint(4) DEFAULT '0',
  `care_for_elderly` tinyint(4) DEFAULT '0',
  `care_for_disabled` tinyint(4) DEFAULT '0',
  `general_housework` tinyint(4) DEFAULT '0',
  `cooking` tinyint(4) DEFAULT '0',
  `language_spoken` text,
  `other_skills` text,
  `num_care_of_infants_0to2` int(11) DEFAULT NULL,
  `num_care_of_infants_3to5` int(11) DEFAULT NULL,
  `num_care_of_infants_6to8` int(11) DEFAULT NULL,
  `num_care_of_infants_9to11` int(11) DEFAULT NULL,
  `num_care_of_infants_12to14` int(11) DEFAULT NULL,
  `num_care_for_elderly` int(11) DEFAULT NULL,
  `num_care_for_disabled` int(11) DEFAULT NULL,
  `num_general_housework` int(11) DEFAULT NULL,
  `num_cooking` int(11) DEFAULT NULL,
  `rate_care_of_infants_0to2` int(11) DEFAULT NULL,
  `rate_care_of_infants_3to5` int(11) DEFAULT NULL,
  `rate_care_of_infants_6to8` int(11) DEFAULT NULL,
  `rate_care_of_infants_9to11` int(11) DEFAULT NULL,
  `rate_care_of_infants_12to14` int(11) DEFAULT NULL,
  `rate_care_for_elderly` int(11) DEFAULT NULL,
  `rate_care_for_disabled` int(11) DEFAULT NULL,
  `rate_general_housework` int(11) DEFAULT NULL,
  `rate_cooking` int(11) DEFAULT NULL,
  `language` text,
  PRIMARY KEY (`id`)
) ENGINE=InnoDB AUTO_INCREMENT=14 DEFAULT CHARSET=latin1;

/*Data for the table `profile_area_of_work` */

insert  into `profile_area_of_work`(`id`,`profile_id`,`care_of_infants_0to2`,`care_of_infants_3to5`,`care_of_infants_6to8`,`care_of_infants_9to11`,`care_of_infants_12to14`,`care_for_elderly`,`care_for_disabled`,`general_housework`,`cooking`,`language_spoken`,`other_skills`,`num_care_of_infants_0to2`,`num_care_of_infants_3to5`,`num_care_of_infants_6to8`,`num_care_of_infants_9to11`,`num_care_of_infants_12to14`,`num_care_for_elderly`,`num_care_for_disabled`,`num_general_housework`,`num_cooking`,`rate_care_of_infants_0to2`,`rate_care_of_infants_3to5`,`rate_care_of_infants_6to8`,`rate_care_of_infants_9to11`,`rate_care_of_infants_12to14`,`rate_care_for_elderly`,`rate_care_for_disabled`,`rate_general_housework`,`rate_cooking`,`language`) values (1,1,0,0,1,1,1,1,1,1,1,'English','',0,0,0,0,0,0,0,0,0,1,1,1,1,1,1,1,1,1,NULL),(2,2,0,0,1,1,1,1,1,1,1,'English','',0,0,0,0,0,0,0,0,0,1,1,1,1,1,1,1,1,1,NULL),(3,3,1,1,1,0,0,0,0,0,0,'English','Other Skills if any:',1,2,3,4,5,6,7,8,9,5,2,3,4,5,2,4,4,2,'English'),(4,4,0,0,1,1,1,1,1,1,1,'English','',0,0,0,0,0,0,0,0,0,1,1,1,1,1,1,1,1,1,NULL),(5,5,0,0,1,1,1,1,1,1,1,'English','',0,0,0,0,0,0,0,0,0,1,1,1,1,1,1,1,1,1,NULL),(6,6,1,1,1,1,1,1,1,1,1,'English','',0,0,0,0,0,0,0,0,0,1,1,1,1,1,1,1,1,1,'English'),(7,7,1,1,1,1,1,1,1,1,1,'English','',0,0,0,0,0,0,0,0,0,1,1,1,1,1,1,1,1,1,NULL),(8,8,1,1,1,1,1,1,1,1,1,'English','',0,0,0,0,0,0,0,0,0,1,1,1,1,1,1,1,1,1,NULL),(9,9,1,1,1,1,1,1,1,1,1,'English','',0,0,0,0,0,0,0,0,0,1,1,1,1,1,1,1,1,1,NULL),(10,10,1,1,1,1,1,1,1,1,1,'English','',0,0,0,0,0,0,0,0,0,1,1,1,1,1,1,1,1,1,NULL),(11,11,1,1,1,1,1,1,1,1,1,'English','',0,0,0,0,0,0,0,0,0,1,1,1,1,1,1,1,1,1,NULL),(12,12,1,1,1,1,1,1,1,1,1,'English','',0,0,0,0,0,0,0,0,0,1,1,1,1,1,1,1,1,1,NULL),(13,13,1,1,1,1,1,1,1,1,1,'English','',0,0,0,0,0,0,0,0,0,1,1,1,1,1,1,1,1,1,NULL);

/*Table structure for table `profile_employment_history` */

DROP TABLE IF EXISTS `profile_employment_history`;

CREATE TABLE `profile_employment_history` (
  `id` int(11) NOT NULL AUTO_INCREMENT,
  `profile_id` int(11) DEFAULT NULL,
  `employer` text,
  `date_from` text,
  `date_to` text,
  `country_history` text,
  `work_duties` text,
  `remarks` text,
  `emp_feedback` text,
  `prev_work_sg` tinyint(4) DEFAULT NULL,
  `availability_fdw` text,
  PRIMARY KEY (`id`)
) ENGINE=InnoDB AUTO_INCREMENT=14 DEFAULT CHARSET=latin1;

/*Data for the table `profile_employment_history` */

insert  into `profile_employment_history`(`id`,`profile_id`,`employer`,`date_from`,`date_to`,`country_history`,`work_duties`,`remarks`,`emp_feedback`,`prev_work_sg`,`availability_fdw`) values (1,1,'dadas','2016-06-01','2016-06-01',NULL,'gdf','gdf','fd',1,'[\"FDW is not available for interview\"]'),(2,2,'dadas','2016-06-01','2016-06-01',NULL,'gdf','gdf','fd',1,'[\"FDW is not available for interview\"]'),(3,3,'abc','2016-06-01','2016-06-28','PH','a','b','c',1,'[\"FDW can be interviewed in person\",\"FDW is not available for interview\",\"FDW can be interviewed by video-conference\"]'),(4,3,'123','2016-06-01','2016-06-28','US','1','3','2',1,'[\"FDW can be interviewed in person\",\"FDW is not available for interview\",\"FDW can be interviewed by video-conference\"]'),(5,3,'dsa3','2016-06-07','2016-06-28','JP','dasd','das3','das31',1,'[\"FDW can be interviewed in person\",\"FDW is not available for interview\",\"FDW can be interviewed by video-conference\"]'),(6,6,'EMP12','2016-07-01','2016-07-14','BD','magkape','wala lng','wala',0,'[\"FDW is not available for interview\",\"FDW can be interviewed in person\"]'),(7,7,'EMP1','2016-07-03','2016-07-14',NULL,'magkape','wala lng','wala',0,'[\"FDW is not available for interview\",\"FDW can be interviewed by video-conference\"]'),(8,8,'EMP1','2016-07-03','2016-07-14',NULL,'magkape','wala lng','wala',0,'[\"FDW is not available for interview\",\"FDW can be interviewed by video-conference\"]'),(9,9,'EMP1','2016-07-03','2016-07-14',NULL,'magkape','wala lng','wala',0,'[\"FDW is not available for interview\",\"FDW can be interviewed by video-conference\"]'),(10,10,'EMP1','2016-07-03','2016-07-14',NULL,'magkape','wala lng','wala',0,'[\"FDW is not available for interview\",\"FDW can be interviewed by video-conference\"]'),(11,11,'ITCITI','2016-07-01','2016-05-03','BS','aa','aa','aa',1,'[\"FDW is not available for interview\"]'),(12,12,'321321','2016-07-10','2016-07-10','BF','o','q','e',1,'[\"FDW is not available for interview\"]'),(13,13,'321321','2016-07-10','2016-07-10','BF','o','q','e',1,'[\"FDW is not available for interview\"]');

/*Table structure for table `profile_media` */

DROP TABLE IF EXISTS `profile_media`;

CREATE TABLE `profile_media` (
  `id` int(11) NOT NULL AUTO_INCREMENT,
  `profile_id` int(11) DEFAULT NULL,
  `picture` varchar(32) DEFAULT 'unknown.gif',
  `video` text,
  PRIMARY KEY (`id`)
) ENGINE=InnoDB AUTO_INCREMENT=5 DEFAULT CHARSET=latin1;

/*Data for the table `profile_media` */

insert  into `profile_media`(`id`,`profile_id`,`picture`,`video`) values (1,3,'unknown.gif',NULL),(2,6,'unknown.gif',NULL),(3,13,'unknown.gif',NULL),(4,11,'unknown.gif',NULL);

/*Table structure for table `profile_medical_history` */

DROP TABLE IF EXISTS `profile_medical_history`;

CREATE TABLE `profile_medical_history` (
  `int` int(11) NOT NULL AUTO_INCREMENT,
  `profile_id` int(11) DEFAULT NULL,
  `allergies` text,
  `illness` text COMMENT 'Past and existing illnesses (including chronic ailments and illnesses requiring medication):\r\nCHECKBOX (Mental illness, Tuberculosis, Epilepsy, Heart disease, Asthma, Malaria, Diabetes, Operations, Hypertension, Others)',
  `disabilities` text COMMENT 'Physical disablilities',
  `dietary_restrictions` text,
  `food_preferences` text COMMENT 'DROPDOWN (No pork, No beef, Vegetarian, Others)',
  `rest_day` int(11) DEFAULT NULL COMMENT 'Preference for rest day per month',
  `others` text,
  `evaluation_skill` text COMMENT 'Please indicate the method(s) used to evaluate the FDW''s skills (can tick more than one):',
  PRIMARY KEY (`int`)
) ENGINE=InnoDB AUTO_INCREMENT=14 DEFAULT CHARSET=latin1;

/*Data for the table `profile_medical_history` */

insert  into `profile_medical_history`(`int`,`profile_id`,`allergies`,`illness`,`disabilities`,`dietary_restrictions`,`food_preferences`,`rest_day`,`others`,`evaluation_skill`) values (1,1,'Hatching','Mental illness|Tuberculosis|Epilepsy|Heart disease|Asthma','Physical disablilities:','Dietary restrictions:','No beef',3,'Any other remarks:','Based on FDWs declaration, no evaluation/observation by Singapore EA or overseas trainingcentre/EA|Interviewed by Singapore EA|Interviewed by overseas training centre/EA'),(2,2,'Hatching','Mental illness|Tuberculosis|Epilepsy|Heart disease|Asthma','Physical disablilities:','Dietary restrictions:','No beef',3,'Any other remarks:','Based on FDWs declaration, no evaluation/observation by Singapore EA or overseas trainingcentre/EA|Interviewed by Singapore EA|Interviewed by overseas training centre/EA'),(3,3,'3422','Mental illness|Tuberculosis|Epilepsy|Heart disease|Others|Hypertension','Physical disablilities:','Dietary restrictions:','No pork',0,'haha\r\n','Interviewed by Singapore EA|Interviewed by overseas training centre/EA'),(4,4,'','Mental illness|Tuberculosis|Epilepsy|Heart disease|Asthma','Physical disablilities:','','No pork',0,'',''),(5,5,'','Mental illness|Tuberculosis|Epilepsy|Heart disease|Asthma','Physical disablilities:','','No pork',0,'das2',''),(6,6,'aa','Mental illness|Tuberculosis','','','No pork',0,'',''),(7,7,'','','','','No pork',0,'',''),(8,8,'','','','','No pork',0,'',''),(9,9,'','','','','No pork',0,'',''),(10,10,'','','','','No pork',0,'',''),(11,11,'','Mental illness|Tuberculosis|Others','masakit chan','no','Vegetarian',28,'wala','Interviewed by Singapore EA'),(12,12,'haching','Mental illness','','','No pork',0,'',''),(13,13,'haching','Mental illness','','','No pork',0,'','');

/*Table structure for table `profile_personal_info` */

DROP TABLE IF EXISTS `profile_personal_info`;

CREATE TABLE `profile_personal_info` (
  `id` int(11) NOT NULL AUTO_INCREMENT,
  `name` varchar(32) DEFAULT NULL,
  `profile_owner` int(11) DEFAULT '0',
  `owner_id` int(11) DEFAULT NULL,
  `date_of_birth` date DEFAULT NULL,
  `place_of_birth` varchar(32) DEFAULT NULL,
  `height` int(11) DEFAULT NULL,
  `weight` int(11) DEFAULT NULL,
  `age` int(11) DEFAULT NULL,
  `nationality` varchar(32) DEFAULT NULL,
  `home_address` text,
  `airport` varchar(32) DEFAULT NULL,
  `home_number` varchar(32) DEFAULT NULL,
  `religion` varchar(32) DEFAULT NULL COMMENT 'CHRISTIANITY, ISLAM, HINDUISM, TAOISM, BUDDHISM, SHINTO, SIKHISM, JUDAISM, AGNOSTIC, ATHEIST',
  `education` varchar(32) DEFAULT NULL,
  `no_of_siblings` int(11) DEFAULT NULL,
  `marital_status` varchar(32) DEFAULT NULL COMMENT 'SINGLE, IN A RELATIONSHIP, ENGAGED, MARRIED, DIVORCED, WIDOWED',
  `no_of_children` int(11) DEFAULT NULL,
  `age_of_childing` varchar(32) DEFAULT NULL,
  `country` varchar(12) DEFAULT NULL,
  `time_added` timestamp NULL DEFAULT CURRENT_TIMESTAMP,
  `isPublish` tinyint(4) DEFAULT '0',
  PRIMARY KEY (`id`)
) ENGINE=InnoDB AUTO_INCREMENT=14 DEFAULT CHARSET=latin1;

/*Data for the table `profile_personal_info` */

insert  into `profile_personal_info`(`id`,`name`,`profile_owner`,`owner_id`,`date_of_birth`,`place_of_birth`,`height`,`weight`,`age`,`nationality`,`home_address`,`airport`,`home_number`,`religion`,`education`,`no_of_siblings`,`marital_status`,`no_of_children`,`age_of_childing`,`country`,`time_added`,`isPublish`) values (1,'Jan Christian',7,NULL,'1993-01-21','Taguig',166,15,23,'Filipino','Residential address in home country:','NAIA','09468965897','CHRISTIANITY','DEGREE',12,'SINGLE',1,'1','PH','2016-06-26 15:45:33',0),(2,'Jan Christians',7,NULL,'1993-01-21','Taguig',166,22222,112,'Filipino','Residential address in home country:','NAIA','09468965897','CHRISTIANITY','DEGREE',12,'SINGLE',1,'1','US','2016-06-26 15:45:33',0),(3,'Christians',7,NULL,'2016-07-01','Taguig',0,0,22,'Filipino','Residential address in home country:','NAIA','09468965897','CHRISTIANITY','DEGREE',0,'SINGLE',2,'1','SY','2016-06-26 16:05:08',0),(4,'Jan',7,5,'2016-07-10','Taguig',0,0,23,'Filipino','Residential address in home country:1','NAIA','09468965897','CHRISTIANITY','DEGREE',0,'SINGLE',3,'1','US','2016-06-28 20:00:15',0),(5,'',0,5,'2016-07-10','Taguig',0,0,45,'Filipino','Residential address in home country:d','NAIA','09468965897','CHRISTIANITY','DEGREE',0,'SINGLE',4,'1','US','2016-06-28 20:00:43',0),(6,'HEHE',5,NULL,'2016-07-02','Taguig',2,1,18,'Pinoy','','NAIA','','CHRISTIANITY','DEGREE',0,'SINGLE',0,'','AF','2016-07-10 20:35:28',0),(7,'b',5,NULL,'2016-07-10','',3,2,2,'','','NAIA','','CHRISTIANITY','DEGREE',0,'SINGLE',0,'','AF','2016-07-10 20:36:30',0),(8,'c',5,NULL,'2016-07-10','',4,3,34,'','','NAIA','','CHRISTIANITY','DEGREE',0,'SINGLE',0,'','AF','2016-07-10 20:39:07',0),(9,'d',5,NULL,'2016-07-10','',5,4,5,'','','NAIA','','CHRISTIANITY','DEGREE',0,'SINGLE',0,'','AF','2016-07-10 20:40:30',0),(10,'e',5,NULL,'2016-07-10','',6,5,6,'','','NAIA','','CHRISTIANITY','DEGREE',0,'SINGLE',0,'','AF','2016-07-10 20:41:01',0),(11,'New',5,NULL,'2016-07-01','Taguig',22,11,34,'Filipino','Residential address in home country:','Name of port / airport to be rep','09468965822','ISLAM','COMPLETED PRIMARY SCHOOL',12,'IN A RELATIONSHIP',1,'1','BY','2016-07-10 21:48:20',0),(12,' New Profile111',5,NULL,'2016-07-03','Taguig',22,15,69,'Pinoysss','Residential address in home country:','Name of port / airport to be rep','09468965897','ISLAM','COMPLETED',12,'WIDOWED',0,'1','CO','2016-07-10 21:51:39',0),(13,' New Profile111',5,NULL,'2016-07-03','Taguig',22,15,69,'Pinoysss','Residential address in home country:','Name of port / airport to be rep','09468965897','ISLAM','COMPLETED',12,'WIDOWED',0,'1','CO','2016-07-10 21:51:55',0);

/*Table structure for table `recruiter` */

DROP TABLE IF EXISTS `recruiter`;

CREATE TABLE `recruiter` (
  `id` int(11) NOT NULL AUTO_INCREMENT,
  `userid` int(15) NOT NULL,
  `name` varchar(32) DEFAULT NULL,
  `address` text,
  `phone` varchar(11) DEFAULT NULL,
  `country` varchar(15) DEFAULT NULL,
  `contact_person` varchar(32) DEFAULT NULL,
  `contact_person_no` varchar(11) DEFAULT NULL,
  `contact_person_email` varchar(32) DEFAULT NULL,
  `interview` varchar(12) DEFAULT NULL,
  `bus_reg_no` varchar(11) DEFAULT NULL,
  `url` text,
  `bank_account_no` varchar(30) DEFAULT NULL,
  `bank_account_name` varbinary(32) DEFAULT NULL,
  `no_booking_allowed` int(11) DEFAULT NULL,
  `status` varchar(15) DEFAULT NULL,
  PRIMARY KEY (`id`)
) ENGINE=InnoDB AUTO_INCREMENT=7 DEFAULT CHARSET=latin1;

/*Data for the table `recruiter` */

insert  into `recruiter`(`id`,`userid`,`name`,`address`,`phone`,`country`,`contact_person`,`contact_person_no`,`contact_person_email`,`interview`,`bus_reg_no`,`url`,`bank_account_no`,`bank_account_name`,`no_booking_allowed`,`status`) values (1,1,'Recruiter Name','Recruiter Address','Recruiter P','PH','Contact Person','Contact Per','dasdas@sadsa.com',' Interview P','Recruiter B','Recruiter URL','Bank Account No. ','Bank Account Name ',0,'active'),(2,3,'12','Recruiter Addressdsa','Recruiter P','GB','Contact Person','Contact Per','dasdas@sadsa.com',' Interview P','Recruiter B','Recruiter URL','Bank Account No. ','Bank Account Name ',0,'active'),(3,2,'Recruiter Name','Recruiter Address','Recruiter P','PH','Contact Person','Contact Per','dasdas@sadsa.com',' Interview P','Recruiter B','Recruiter URL','Bank Account No. ','Bank Account Name ',0,'active'),(5,4,'Recruiter Name','Recruiter Address','Recruiter P','US','Contact Person','Contact Per','dasdas@sadsa.com',' Interview P','Recruiter B','Recruiter URL','Bank Account No. ','Bank Account Name ',0,'active'),(6,5,'Recruiter Name','Recruiter Address','Recruiter P','PH','Contact Person','Contact Per','dasdas@sadsa.com',' Interview P','Recruiter B','Recruiter URL','Bank Account No. ','Bank Account Name ',0,'active');

/*Table structure for table `user` */

DROP TABLE IF EXISTS `user`;

CREATE TABLE `user` (
  `id` int(11) NOT NULL AUTO_INCREMENT,
  `username` varchar(15) NOT NULL,
  `password` varchar(32) DEFAULT NULL,
  `user_type` int(11) DEFAULT NULL,
  `status` int(11) DEFAULT '1',
  PRIMARY KEY (`id`,`username`)
) ENGINE=InnoDB AUTO_INCREMENT=12 DEFAULT CHARSET=latin1;

/*Data for the table `user` */

insert  into `user`(`id`,`username`,`password`,`user_type`,`status`) values (1,'Username','dc647eb65e6711e155375218212b3964',2,1),(2,'Usernamed','dc647eb65e6711e155375218212b3964',2,1),(3,'Usernames','dc647eb65e6711e155375218212b3964',2,1),(4,'Usernamedasdas','dc647eb65e6711e155375218212b3964',2,1),(5,'recruiter','5f4dcc3b5aa765d61d8327deb882cf99',1,1),(6,'admin','5f4dcc3b5aa765d61d8327deb882cf99',0,1),(7,'agency','5f4dcc3b5aa765d61d8327deb882cf99',2,1),(8,'itciti','5f4dcc3b5aa765d61d8327deb882cf99',2,1),(9,'happypetalsss','a6782b9f76e4143303e938dfd07de720',2,1),(10,'happypetalsss','a6782b9f76e4143303e938dfd07de720',2,1),(11,'happypetalsss','a6782b9f76e4143303e938dfd07de720',2,1);

/*!40101 SET SQL_MODE=@OLD_SQL_MODE */;
/*!40014 SET FOREIGN_KEY_CHECKS=@OLD_FOREIGN_KEY_CHECKS */;
/*!40014 SET UNIQUE_CHECKS=@OLD_UNIQUE_CHECKS */;
/*!40111 SET SQL_NOTES=@OLD_SQL_NOTES */;
